"Étude Rémunération 2022 - Paysagiste Concepteur";"";"";"";"";"";"";"";"";"";"";"";"";"";"";"";"";"";"";"";"";"";"";"";"";"";"";"";"";"";"";"";"";"";"";"";"";"";"";"";"";"";"";"";"";""
"Détails de la soumission";"";"";"";"";"";"";"";"";"";"";"";"";"";"";"";"";"";"";"";"";"Avez-vous d'autres activités rémunérées ?";"";"";"";"";"";"";"";"";"";"";"";"";"";"";"";"";"";"Quel revenus souhaitez-vous indiquer ?";"";"";"";"";"";""
"Séquentiel";"SID";"Heure de soumission";"Heure de complétion";"Heure de modification";"Brouillon";"Adresse IP";"UID";"Nom d'utilisateur";"De quelle école êtes-vous diplômé-e?";"Autre diplôme";"En quelle année avez-vous été diplômé-e ?";"Combien d'années d'expérience avez-vous ?";"Quelle est votre région actuelle ?";"Autre localisation";"Quel est votre sexe ?";"Combien d'enfants à charge avez-vous ?";"Dans quel type de structure êtes-vous ?";"Précision concernant le type de structure";"Quelle est la taille de cette structure ?";"De quelle convention collective dépend cette structure ?";"activités d’enseignement";"activités associatives";"activités de paysagiste conseils de l’état";"responsabilités universitaire";"activité non salariée, en tant que micro-entrepreneurs";"activité non salariée, en tant qu’entrepreneurs individuels classiques";"activité non salariée, en tant gérants majoritaires de sociétés";"activité non déclarée";"Si vous êtes chef-fe d'entreprise, êtes-vous optimiste pour votre activité dans les deux années à venir ?";"Quel est votre statut ?";"Quel est votre temps de travail hebdomadaire effectif annualisé ?";"Etes-vous satisfait-e de votre charge horaire ?";"Etes-vous favorable au télétravail ?";"Quel type de poste occupez-vous ?";"Autre type de poste";"Années d'ancienneté";"Etes-vous satisfait-e de votre emploi ?";"Quel est votre revenu ANNUEL NET imposable en 2022 ?";"Revenu salarial annuel net imposable : somme de tous les salaires perçus par un individu au cours d'une année donnée, nets de toutes cotisations sociales, y compris contribution sociale généralisée (CSG) et contribution au remboursement de la dette sociale (CRDS).";"Revenu d’activité annuel : rémunération issue de l’activité non salariée, déduction faite des cotisations sociales payées dans l’année mais pas des contributions sociales (CSG non déductible, CRDS). Il est calculé à partir du revenu professionnel imposable auquel sont réintégrés certains allègements fiscaux et cotisations sociales facultatives : chiffre d’affaires des micro-entrepreneurs après abattement pour frais professionnels, bénéfice net des entrepreneurs individuels classiques, rémunération des gérants majoritaires (incluant une partie des dividendes).";"Quel est votre salaire ANNUEL NET imposable en 2022 ?";"Quel est votre revenu d’activité ANNUEL en 2022 ? ";"Quels sont vos avantages ?";"Etes-vous satisfait-e de votre rémunération ?";"Pensez-vous que la loi MOP permet une juste rémunération des paysagistes ?"
"1";"14514435";"03/01/2023 - 12:18";"03/01/2023 - 12:18";"03/01/2023 - 12:18";"0";"0.0.0.0";"0";"Anonymous";"Agrocampus Ouest (INH)";"";"2017";"4";"Paris";"";"Femme";"0";"Agence de paysage";"";"51-200";"Convention collective nationale des entreprises d'architecture";"";"";"";"";"";"";"";"";"2 - Je ne sais pas";"C.D.D";"39";"4";"Oui, si flexbile";"Chargé-e d'étude débutant-e";"";"1";"3";"";"X";"";"27700";"";"tickets restaurants 10€";"3";"1"
"2";"14514470";"03/01/2023 - 12:20";"03/01/2023 - 12:20";"03/01/2023 - 12:20";"0";"0.0.0.0";"0";"Anonymous";"Agrocampus Ouest (INH)";"";"2016";"5";"Auvergne-Rhône-Alpes";"";"Homme";"0";"Entreprise de réalisation";"Idverde";"1001-...";"Convention collective nationale des entreprises du paysage";"";"";"";"";"";"";"";"";"3 - Plutôt oui, il y a foisonnement de projets";"C.D.I";"50";"2";"Oui, si flexbile";"Chargé-e d'affaires / d'opérations / de missions";"";"5";"4";"40816";"X";"";"40816";"";"Ticket restaurant + voiture de fonction ";"4";"1"
"3";"14514608";"03/01/2023 - 12:28";"03/01/2023 - 12:28";"03/01/2023 - 12:28";"0";"0.0.0.0";"0";"Anonymous";"HEPIA de Genève";"";"2010";"12";"Grand Est";"";"Homme";"2";"Bureau d'études";"";"2-5";"Convention collective nationale des entreprises d'architecture";"";"";"";"";"";"";"";"";"3 - Plutôt oui, il y a foisonnement de projets";"Dirigeant de SARL";"45";"4";"Non, pas du tout";"Directeur-trice/Dirigeant-e de société";"";"12";"5 - Très satisfait";"38000";"X";"";"38000";"";"";"3";"1"
"4";"14514637";"03/01/2023 - 12:29";"03/01/2023 - 12:29";"03/01/2023 - 12:29";"0";"0.0.0.0";"0";"Anonymous";"ENSP Versailles";"";"2013";"6";"Auvergne-Rhône-Alpes";"";"Femme";"0";"Freelance / Indépendant";"Statut d'entrepreneur salariée en SCOP - seule paysagiste concepteur dans la structure";"51-200";"Je ne sais pas";"";"";"";"";"";"";"";"";"3 - Plutôt oui, il y a foisonnement de projets";"C.D.I";"32";"4";"Oui, si flexbile";"Chef-fe de projet";"";"6";"4";"14574";"X";"";"14574";"";"Remboursement de notes de frais, frais de comptabilité & assurance décennale d'ores-et-déjà déduits avant salaire net ";"3";"1"
"5";"14514655";"03/01/2023 - 12:30";"03/01/2023 - 12:30";"03/01/2023 - 12:30";"0";"0.0.0.0";"0";"Anonymous";"HEPIA de Genève";"";"2010";"12";"Grand Est";"";"Homme";"2";"Bureau d'études";"";"2-5";"Convention collective nationale des entreprises d'architecture";"";"";"";"";"";"";"";"";"3 - Plutôt oui, il y a foisonnement de projets";"Dirigeant de SARL";"45";"3";"Non, pas du tout";"Directeur-trice/Dirigeant-e de société";"";"12";"5 - Très satisfait";"38000";"X";"";"38000";"";"";"3";"1"
"6";"14514678";"03/01/2023 - 12:31";"03/01/2023 - 12:31";"03/01/2023 - 12:31";"0";"0.0.0.0";"0";"Anonymous";"Gembloux";"";"2016";"6";"Autre";"Suisse";"Homme";"1";"Bureau d'études";"";"11-25";"Je ne sais pas";"";"";"";"";"";"";"";"";"2 - Je ne sais pas";"C.D.I";"42.5";"3";"Oui, si flexbile";"Chef-fe de projet";"";"6";"3";"";"X";"";"69700";"";"";"3";"1"
"7";"14514709";"03/01/2023 - 12:34";"03/01/2023 - 12:34";"03/01/2023 - 12:34";"0";"0.0.0.0";"0";"Anonymous";"ENSAPL";"";"2016";"7";"Pays de la Loire";"";"Femme";"0";"Agence de paysage";"";"26-50";"Convention collective nationale des entreprises d'architecture";"";"";"";"";"";"";"";"";"3 - Plutôt oui, il y a foisonnement de projets";"C.D.I";"39";"0 - Pas du tout satisfait";"Oui, si flexbile";"Assistant-e de projet";"";"3";"2";"27230";"X";"";"25490";"";"Tickets restaurants";"2";"0 - Pas du tout satisfait"
"8";"14514751";"03/01/2023 - 12:37";"03/01/2023 - 12:37";"03/01/2023 - 12:37";"0";"0.0.0.0";"0";"Anonymous";"ITIAPE - ISA Lille";"";"2016";"9";"Pays de la Loire";"";"Homme";"1";"Entreprise de réalisation";"Création de jardins entreprises et particuliers";"11-25";"Convention collective nationale des entreprises du paysage";"";"";"";"";"";"";"X";"";"3 - Plutôt oui, il y a foisonnement de projets";"Dirigeant de SARL";"42";"4";"Oui, si flexbile";"Directeur-trice/Dirigeant-e de société";"";"5";"5 - Très satisfait";"36000";"X";"";"33600";"";"Prime bi annuelle et cheques vacances";"4";"1"
"9";"14514802";"03/01/2023 - 12:42";"03/01/2023 - 12:42";"03/01/2023 - 12:42";"0";"0.0.0.0";"0";"Anonymous";"HEPIA de Genève";"";"1997";"25";"Grand Est";"";"Homme";"1";"Agence de paysage";"";"6-10";"Syntec: Convention collective nationale des bureaux d'études techniques, des cabinets d'ingénieurs-conseils et des sociétés de conseils";"";"";"";"";"";"";"";"";"3 - Plutôt oui, il y a foisonnement de projets";"Dirigeant de SARL";"42";"3";"Oui, si flexbile";"Directeur-trice/Dirigeant-e de société";"";"6";"4";"48000";"X";"";"48000";"";"aucun";"3";"0 - Pas du tout satisfait"
"10";"14515001";"03/01/2023 - 12:59";"03/01/2023 - 12:59";"03/01/2023 - 12:59";"0";"0.0.0.0";"0";"Anonymous";"INSA-CVL-ENP (ex: ENSNP)";"";"2019";"3";"Nouvelle-Aquitaine";"";"Femme";"1";"Association";"CPIE";"6-10";"Convention collective nationale de l'animation";"";"";"";"";"";"";"";"";"";"C.D.I";"35";"5 - Très satisfait";"Oui, si flexbile";"Chargé-e d'étude";"";"3";"5 - Très satisfait";"16015";"X";"";"";"";"";"0 - Pas du tout satisfait";"1"
"11";"14515019";"03/01/2023 - 13:01";"03/01/2023 - 13:01";"03/01/2023 - 13:01";"0";"0.0.0.0";"0";"Anonymous";"HEPIA de Genève";"";"2002";"20";"Bourgogne-Franche-Comté";"";"Homme";"0";"Agence de paysage";"SARL";"6-10";"Code du travail (Sans convention)";"";"";"";"";"";"";"";"";"2 - Je ne sais pas";"Dirigeant de SARL";"45";"4";"Oui, si flexbile";"Directeur-trice/Dirigeant-e de société";"";"20";"4";"";"";"X";"";"20000";"";"2";"0 - Pas du tout satisfait"
"12";"14515177";"03/01/2023 - 13:15";"03/01/2023 - 13:15";"03/01/2023 - 13:15";"0";"0.0.0.0";"0";"Anonymous";"Agrocampus Ouest (INH)";"";"2011";"13";"Provence-Alpes-Côte d'Azur";"";"Homme";"0";"Fonction publique";"Mairie";"201-500";"Fonction publique territoriale";"";"";"";"";"";"";"";"";"";"Fonctionnaire";"36";"5 - Très satisfait";"Oui, si flexbile";"Chef-fe de projet confirmé-e";"";"9";"3";"45000";"X";"";"45000";"";"RTT, tickets restaurants, chèques vacances, voiture de service, billeterie spectacle";"4";"2"
"13";"14515260";"03/01/2023 - 13:21";"03/01/2023 - 13:21";"03/01/2023 - 13:21";"0";"0.0.0.0";"0";"Anonymous";"ENSAPBX";"";"2018";"4";"Bretagne";"";"Femme";"1";"Agence de paysage";"";"2-5";"Convention collective nationale des entreprises d'architecture";"";"";"";"";"";"";"";"";"";"C.D.I";"35";"4";"Oui, y compris à temps complet";"Chargé-e d'étude";"";"2";"4";"20000";"X";"";"20000";"";"0";"2";"1"
"14";"14515442";"03/01/2023 - 13:32";"03/01/2023 - 13:32";"03/01/2023 - 13:32";"0";"0.0.0.0";"0";"Anonymous";"Agrocampus Ouest (INH)";"";"2017";"5";"La Réunion";"";"Femme";"0";"Fonction publique";"";"501-1000";"Je ne sais pas";"";"";"";"";"";"";"";"";"";"C.D.I";"39";"4";"Oui, si flexbile";"Chef-fe de projet";"";"3";"4";"24000";"X";"";"24000";"";"";"2";"2"
"15";"14515457";"03/01/2023 - 13:33";"03/01/2023 - 13:33";"03/01/2023 - 13:33";"0";"0.0.0.0";"0";"Anonymous";"Agrocampus Ouest (INH)";"";"2017";"4";"Provence-Alpes-Côte d'Azur";"";"Femme";"0";"Freelance / Indépendant";"";"1";"Je ne sais pas";"";"";"";"";"";"";"";"";"3 - Plutôt oui, il y a foisonnement de projets";"Micro-entrepreneur (ME / Auto-entrepreneur)";"39";"4";"Oui, si flexbile";"Directeur-trice/Dirigeant-e de société";"";"1";"5 - Très satisfait";"";"";"X";"";"40000";"";"3";"1"
"16";"14515458";"03/01/2023 - 13:33";"03/01/2023 - 13:33";"03/01/2023 - 13:33";"0";"0.0.0.0";"0";"Anonymous";"Agrocampus Ouest (INH)";"";"2017";"5";"La Réunion";"";"Femme";"0";"Fonction publique";"";"501-1000";"Je ne sais pas";"";"";"";"";"";"";"";"";"";"C.D.I";"39";"4";"Oui, si flexbile";"Chef-fe de projet";"";"3";"4";"24000";"X";"";"24000";"";"";"2";"2"
"17";"14515505";"03/01/2023 - 13:36";"03/01/2023 - 13:36";"03/01/2023 - 13:36";"0";"0.0.0.0";"0";"Anonymous";"ENSP Versailles";"";"2010";"12";"La Réunion";"";"Femme";"2";"Freelance / Indépendant";"";"1";"Code du travail (Sans convention)";"";"";"";"";"";"";"";"";"3 - Plutôt oui, il y a foisonnement de projets";"Micro-entrepreneur (ME / Auto-entrepreneur)";"35";"3";"Oui, si flexbile";"Responsable d'agence / bureaux";"";"3";"5 - Très satisfait";"35000";"X";"";"";"";"";"3";"2"
"18";"14515751";"03/01/2023 - 13:50";"03/01/2023 - 13:50";"03/01/2023 - 13:50";"0";"0.0.0.0";"0";"Anonymous";"HEPIA de Genève";"";"2009";"12";"Pays de la Loire";"";"Homme";"0";"Fonction publique";"Communauté urbaine";"1001-...";"Fonction publique territoriale";"";"";"";"";"";"";"";"";"2 - Je ne sais pas";"Fonctionnaire";"35";"4";"Non, exceptionnellement pour les deux confinements";"Chef-fe de projet confirmé-e";"";"10";"4";"27300";"X";"";"27300";"";"RAS";"3";"1"
"19";"14515893";"03/01/2023 - 13:56";"03/01/2023 - 13:56";"03/01/2023 - 13:56";"0";"0.0.0.0";"0";"Anonymous";"ENSAPBX";"";"2018";"3";"Pays de la Loire";"";"Homme";"0";"Bureau d'études";"Ville";"201-500";"Fonction publique";"";"";"";"";"";"";"";"";"";"C.D.D";"35";"5 - Très satisfait";"Oui, si flexbile";"Chef-fe de projet";"";"1";"5 - Très satisfait";"28500";"X";"";"24000";"";"RECUP, CE, Titre réstaurant";"4";"2"
"20";"14516010";"03/01/2023 - 14:01";"03/01/2023 - 14:01";"03/01/2023 - 14:01";"0";"0.0.0.0";"0";"Anonymous";"ENSP Versailles";"";"2010";"13";"Auvergne-Rhône-Alpes";"";"Homme";"1";"Fonction publique";"MUTUALISATION Ville de Saint-Etienne / Saint-Etienne Métropôle";"1001-...";"Fonction publique";"";"";"";"";"";"";"X";"";"2 - Je ne sais pas";"C.D.D";"39";"5 - Très satisfait";"Non, pas du tout";"Chargé-e d'étude";"";"6";"4";"33000";"X";"";"1";"";"1";"1";"1"
"21";"14516222";"03/01/2023 - 14:11";"03/01/2023 - 14:11";"03/01/2023 - 14:11";"0";"0.0.0.0";"0";"Anonymous";"Agrocampus Ouest (INH)";"";"2012";"10";"Île-de-France";"";"Femme";"2";"Agence de paysage";"Agence pluridisciplinaire Architecture / Architecture du Patrimoine / Paysage / Urbanisme";"11-25";"Convention collective nationale des entreprises d'architecture";"";"";"";"";"";"";"";"";"";"C.D.I";"39";"4";"Oui, si flexbile";"Chef-fe de projet confirmé-e";"";"10";"3";"";"X";"";"35712";"";"";"4";"2"
"22";"14516365";"03/01/2023 - 14:17";"03/01/2023 - 14:17";"03/01/2023 - 14:17";"0";"0.0.0.0";"0";"Anonymous";"Agrocampus Ouest (INH)";"";"2017";"5";"Provence-Alpes-Côte d'Azur";"";"Femme";"0";"Agence d'Urbanisme du réseau F.N.A.U";"";"11-25";"Syntec: Convention collective nationale des bureaux d'études techniques, des cabinets d'ingénieurs-conseils et des sociétés de conseils";"";"";"";"";"";"";"";"";"2 - Je ne sais pas";"C.D.I";"39";"5 - Très satisfait";"Oui, si flexbile";"Chargé-e d'étude";"";"1";"5 - Très satisfait";"28684";"X";"";"28684";"";"23 RTT, CNAS, chèques cadeaux, prime Macron";"4";"1"
"23";"14516538";"03/01/2023 - 14:25";"03/01/2023 - 14:25";"03/01/2023 - 14:25";"0";"0.0.0.0";"0";"Anonymous";"Agrocampus Ouest (INH)";"";"2016";"6";"Auvergne-Rhône-Alpes";"";"Je ne souhaite pas répondre";"0";"Agence de paysage";"";"2-5";"Syntec: Convention collective nationale des bureaux d'études techniques, des cabinets d'ingénieurs-conseils et des sociétés de conseils";"";"";"";"";"";"";"";"";"";"C.D.I";"35";"4";"Oui, si flexbile";"Chef-fe de projet";"";"6";"3";"29432";"X";"";"29432";"";"tickets restaurants";"2";"3"
"24";"14516750";"03/01/2023 - 14:33";"03/01/2023 - 14:33";"03/01/2023 - 14:33";"0";"0.0.0.0";"0";"Anonymous";"ENSAPL";"";"2016";"6";"Hauts-de-France";"";"Femme";"0";"Agence de paysage";"";"6-10";"Convention collective nationale des entreprises d'architecture";"";"";"";"";"";"";"";"";"";"C.D.I";"44";"2";"Oui, y compris à temps complet";"Chef-fe de projet confirmé-e";"";"6";"4";"24000";"X";"";"24000";"";"11RTT/an";"4";"1"
"25";"14516829";"03/01/2023 - 14:38";"03/01/2023 - 14:38";"03/01/2023 - 14:38";"0";"0.0.0.0";"0";"Anonymous";"Agrocampus Ouest (INH)";"";"2020";"2";"Bourgogne-Franche-Comté";"";"Homme";"0";"Agence de paysage";"";"6-10";"Je ne sais pas";"";"";"";"";"";"";"";"";"";"C.D.I";"37";"4";"Oui, si flexbile";"Chef-fe de projet";"";"2";"5 - Très satisfait";"21120";"X";"";"21120";"";"";"4";"2"
"26";"14517139";"03/01/2023 - 14:52";"03/01/2023 - 14:52";"03/01/2023 - 14:52";"0";"0.0.0.0";"0";"Anonymous";"HEPIA de Genève";"";"2010";"13";"La Réunion";"";"Homme";"0";"Agence de paysage";"";"11-25";"Convention collective nationale des entreprises du paysage";"";"";"";"";"";"";"";"";"";"C.D.I";"39";"4";"Oui, si flexbile";"Chef-fe de projet";"";"12";"4";"33600";"X";"";"";"";"voiture de fonction, tickets resto";"4";"1"
"27";"14517196";"03/01/2023 - 14:54";"03/01/2023 - 14:54";"03/01/2023 - 14:54";"0";"0.0.0.0";"0";"Anonymous";"VAE ayant permis l'obtention du titre";"";"2019";"20";"Provence-Alpes-Côte d'Azur";"";"Homme";"3";"Agence de paysage";"";"2-5";"Convention collective nationale des entreprises d'architecture";"";"";"";"";"";"";"";"";"3 - Plutôt oui, il y a foisonnement de projets";"Dirigeant d'entreprise salarié";"39";"4";"Oui, si flexbile";"Directeur-trice/Dirigeant-e de société";"";"10";"5 - Très satisfait";"36000";"X";"";"";"";"";"4";"2"
"28";"14517230";"03/01/2023 - 14:56";"03/01/2023 - 14:56";"03/01/2023 - 14:56";"0";"0.0.0.0";"0";"Anonymous";"ENSAPBX";"";"2011";"10";"Nouvelle-Aquitaine";"";"Femme";"0";"Agence de paysage";"Micro entreprise ";"1";"Code du travail (Sans convention)";"";"";"";"";"";"";"";"";"1 - Plutôt non, la concurrence est rude";"Micro-entrepreneur (ME / Auto-entrepreneur)";"42";"2";"Oui, si flexbile";"Responsable d'agence / bureaux";"";"8";"4";"";"";"X";"";"38000";"";"0 - Pas du tout satisfait";"2"
"29";"14517963";"03/01/2023 - 15:31";"03/01/2023 - 15:31";"03/01/2023 - 15:31";"0";"0.0.0.0";"0";"Anonymous";"ENSAPBX";"";"2022";"10";"Occitanie";"";"Je ne souhaite pas répondre";"1";"Agence de paysage";"";"26-50";"Code du travail (Sans convention)";"";"";"";"";"";"";"";"";"";"C.D.I";"35";"2";"Non, exceptionnellement pour les deux confinements";"Chargé-e d'étude débutant-e";"";"0";"4";"";"X";"";"22000";"";"";"3";"3"
"30";"14518130";"03/01/2023 - 15:38";"03/01/2023 - 15:38";"03/01/2023 - 15:38";"0";"0.0.0.0";"0";"Anonymous";"Agrocampus Ouest (INH)";"";"2011";"11";"Pays de la Loire";"";"Homme";"0";"Fonction publique";"";"1001-...";"Fonction publique";"";"";"";"";"";"";"";"";"";"Fonctionnaire";"40";"4";"Oui, si flexbile";"Autre";"Inspecteur des sites";"9";"4";"";"X";"";"38000";"";"20 jours RTT";"4";"2"
"31";"14518197";"03/01/2023 - 15:41";"03/01/2023 - 15:41";"03/01/2023 - 15:41";"0";"0.0.0.0";"0";"Anonymous";"ENSAPBX";"";"2009";"12";"Grand Est";"";"Homme";"0";"Fonction publique";"";"1001-...";"Fonction publique territoriale";"";"";"";"";"";"";"";"";"";"Fonctionnaire";"35";"4";"Oui, si flexbile";"Chef-fe de projet confirmé-e";"";"6";"4";"38000";"X";"";"38000";"";"RTT, tickets restaurants, CE, chèques vacances";"3";"3"
"32";"14518214";"03/01/2023 - 15:42";"03/01/2023 - 15:42";"03/01/2023 - 15:42";"0";"0.0.0.0";"0";"Anonymous";"ENSP Versailles - Formation continue";"";"2017";"5";"Pays de la Loire";"";"Homme";"0";"Fonction publique";"Ville";"201-500";"Fonction publique territoriale";"";"";"";"";"";"";"";"";"";"C.D.D";"39";"5 - Très satisfait";"Oui, si flexbile";"Paysagiste conseil";"";"2";"4";"29583";"X";"";"";"";"RTT, Tickets restaurants, chèques vacances, congés spéciaux (déménagements, PACS, décès....)";"4";"0 - Pas du tout satisfait"
"33";"14518407";"03/01/2023 - 15:51";"03/01/2023 - 15:51";"03/01/2023 - 15:51";"0";"0.0.0.0";"0";"Anonymous";"ENSAPBX";"";"2020";"2";"Occitanie";"";"Femme";"0";"Agence de paysage";"";"26-50";"Convention collective nationale des entreprises d'architecture";"";"";"";"";"";"";"";"";"";"C.D.I";"39";"1";"Oui, y compris à temps complet";"Chargé-e d'étude débutant-e";"";"2";"2";"25725";"X";"";"1688";"";"transport pris en charge à 100%, prime de vacances";"2";"3"
"34";"14518578";"03/01/2023 - 15:59";"03/01/2023 - 15:59";"03/01/2023 - 15:59";"0";"0.0.0.0";"0";"Anonymous";"Agrocampus Ouest (INH)";"";"2019";"3";"Pays de la Loire";"";"Femme";"0";"Fonction publique";"Ville d'angers";"1001-...";"Fonction publique territoriale";"";"";"";"";"";"";"";"";"";"Contractuel dans la fonction publique";"38";"0 - Pas du tout satisfait";"Oui, y compris à temps complet";"Responsable d'équipe";"";"2";"1";"";"X";"";"25000";"";"Tickets resto";"2";"0 - Pas du tout satisfait"
"35";"14518823";"03/01/2023 - 16:10";"03/01/2023 - 16:10";"03/01/2023 - 16:10";"0";"0.0.0.0";"0";"Anonymous";"ENSAPL";"";"2010";"12";"Île-de-France";"";"Homme";"2";"Bureau d'études";"";"1001-...";"Syntec: Convention collective nationale des bureaux d'études techniques, des cabinets d'ingénieurs-conseils et des sociétés de conseils";"";"";"";"";"";"";"";"";"";"C.D.I";"39";"3";"Oui, si flexbile";"Directeur-trice/Dirigeant-e de société";"";"0";"3";"58000";"X";"";"58000";"";" RTT, tickets restaurants, CE";"4";"3"
"36";"14519338";"03/01/2023 - 16:31";"03/01/2023 - 16:31";"03/01/2023 - 16:31";"0";"0.0.0.0";"0";"Anonymous";"Agrocampus Ouest (INH)";"";"2011";"10";"Île-de-France";"";"Femme";"2";"Bureau d'études";"";"11-25";"Syntec: Convention collective nationale des bureaux d'études techniques, des cabinets d'ingénieurs-conseils et des sociétés de conseils";"";"";"";"";"";"";"";"";"";"C.D.I";"39";"2";"Oui, y compris à temps complet";"Chef-fe de projet confirmé-e";"";"10";"4";"33950";"X";"";"33950";"";"";"4";"2"
"37";"14519571";"03/01/2023 - 16:41";"03/01/2023 - 16:41";"03/01/2023 - 16:41";"0";"0.0.0.0";"0";"Anonymous";"Agrocampus Ouest (INH)";"";"2016";"6";"Autre";"Danemark ";"Femme";"0";"Agence d'architecture";"";"51-200";"Je ne sais pas";"";"";"";"";"";"";"";"";"";"C.D.I";"37";"4";"Oui, si flexbile";"Chargé-e d'étude confirmé-e";"";"1";"3";"39000";"X";"";"";"";"";"3";"3"
"38";"14520255";"03/01/2023 - 17:11";"03/01/2023 - 17:11";"03/01/2023 - 17:11";"0";"0.0.0.0";"0";"Anonymous";"INSA-CVL-ENP (ex: ENSNP)";"";"2014";"8";"Bretagne";"";"Homme";"0";"Fonction publique";"Enseignant et formateur en Établissement Public Local d'Enseignement et de Formation Profesionnelle Agricole";"51-200";"Je ne sais pas";"";"X";"";"";"X";"";"";"";"3 - Plutôt oui, il y a foisonnement de projets";"C.D.I";"39";"4";"Oui, si flexbile";"Autre";"Formateur et enseignant";"2";"5 - Très satisfait";"14019";"X";"";"14019";"";"";"3";"3"
"39";"14520332";"03/01/2023 - 17:14";"03/01/2023 - 17:14";"03/01/2023 - 17:14";"0";"0.0.0.0";"0";"Anonymous";"ENSP Versailles";"";"2019";"3";"Auvergne-Rhône-Alpes";"";"Femme";"0";"Agence de paysage";"";"6-10";"Convention collective nationale des entreprises d'architecture";"";"";"";"";"";"";"";"";"";"C.D.I";"39";"4";"Oui, si flexbile";"Chargé-e d'étude";"";"3";"5 - Très satisfait";"25200";"X";"";"25200";"";"primes noel et été";"4";"3"
"40";"14520360";"03/01/2023 - 17:15";"03/01/2023 - 17:15";"03/01/2023 - 17:15";"0";"0.0.0.0";"0";"Anonymous";"Agrocampus Ouest (INH)";"";"2012";"11";"Pays de la Loire";"";"Homme";"1";"Entreprise de réalisation";"";"1";"Convention collective nationale des entreprises du paysage";"";"";"";"";"";"";"";"";"2 - Je ne sais pas";"Dirigeant de SARL";"60";"3";"Oui, si flexbile";"Directeur-trice/Dirigeant-e de société";"";"6";"5 - Très satisfait";"19200";"X";"";"19000";"";"";"2";"1"
"41";"14522705";"03/01/2023 - 19:37";"03/01/2023 - 19:37";"03/01/2023 - 19:37";"0";"0.0.0.0";"0";"Anonymous";"ENSP Versailles";"";"2008";"12";"Pays de la Loire";"";"Homme";"4";"Coopérative d'activité et d'emploi";"Agence en fait, avec des profils de concepteurs et des mi°s de maitrise d'oeuvre...mais statut SCOP";"2-5";"Convention collective nationale des entreprises d'architecture";"X";"";"X";"";"X";"";"";"";"3 - Plutôt oui, il y a foisonnement de projets";"Dirigeant d'entreprise salarié";"60";"2";"Oui, si flexbile";"Directeur-trice/Dirigeant-e de société";"";"10";"4";"";"X";"X";"25000";"35000";"Tickets restau";"3";"1"
"42";"14523540";"03/01/2023 - 20:50";"03/01/2023 - 20:50";"03/01/2023 - 20:50";"0";"0.0.0.0";"0";"Anonymous";"ENSP Versailles";"";"2004";"19";"Île-de-France";"";"Femme";"1";"Agence de paysage";"";"6-10";"Syntec: Convention collective nationale des bureaux d'études techniques, des cabinets d'ingénieurs-conseils et des sociétés de conseils";"";"";"";"";"";"";"";"";"4 - A 100%, le carnet de commandes est plein pour 2023";"Dirigeant de SARL";"55";"3";"Oui, si flexbile";"Directeur-trice/Dirigeant-e de société";"";"14";"5 - Très satisfait";"54000";"";"X";"";"54000";"PEE, voiture de fonction";"3";"2"
"43";"14524118";"03/01/2023 - 21:39";"03/01/2023 - 21:39";"03/01/2023 - 21:39";"0";"0.0.0.0";"0";"Anonymous";"INSA-CVL-ENP (ex: ENSNP)";"";"2022";"0";"Pays de la Loire";"";"Femme";"0";"Coopérative d'activité et d'emploi";"SCOP";"2-5";"Convention collective nationale des entreprises d'architecture";"";"";"";"";"";"";"";"";"";"C.D.D";"39";"2";"Non, pas du tout";"Autre";"Assistante de projets et d'études : assistance à maitrise d'ouvrage, maitrise d'oeuvre";"1";"3";"19800";"X";"";"";"";"tickets restaurants";"2";"3"
"44";"14524746";"03/01/2023 - 22:57";"03/01/2023 - 22:57";"03/01/2023 - 22:57";"0";"0.0.0.0";"0";"Anonymous";"Agrocampus Ouest (INH)";"";"2010";"11";"Île-de-France";"";"Homme";"0";"Groupe";"";"1001-...";"Convention collective nationale des entreprises du paysage";"";"";"";"";"";"";"";"";"";"C.D.I";"50";"2";"Oui, si flexbile";"Autre";"Charge exploitation ";"11";"3";"46000";"X";"";"46000";"";"Voiture de fonction panier repas RTT ";"4";"2"
"45";"14524834";"03/01/2023 - 23:11";"03/01/2023 - 23:11";"03/01/2023 - 23:11";"0";"0.0.0.0";"0";"Anonymous";"ITIAPE - ISA Lille";"";"2018";"5";"Île-de-France";"";"Homme";"0";"Fonction publique";"Collectivité territoriale ";"201-500";"Fonction publique territoriale";"";"";"";"";"";"";"";"";"";"C.D.D";"42";"3";"Oui, si flexbile";"Autre";"Chef de service ";"1";"3";"39000";"X";"";"39000";"";"Ticket restaurant ";"3";"3"
"46";"14525581";"04/01/2023 - 08:04";"04/01/2023 - 08:04";"04/01/2023 - 08:04";"0";"0.0.0.0";"0";"Anonymous";"ESAJ";"";"2005";"17";"Normandie";"";"Homme";"01";"Fonction publique";"service technique d'une commune";"51-200";"Fonction publique territoriale";"";"";"";"";"";"";"";"";"";"Contractuel dans la fonction publique";"35";"5 - Très satisfait";"Oui, si flexbile";"Autre";"Directeur des services techniques";"1";"4";"45600";"X";"";"45600";"";"aucun";"4";"1"
"47";"14526541";"04/01/2023 - 09:19";"04/01/2023 - 09:19";"04/01/2023 - 09:19";"0";"0.0.0.0";"0";"Anonymous";"ENSAPL";"";"2016";"5";"Pays de la Loire";"";"Homme";"0";"Agence de paysage";"SAS";"2-5";"Code du travail (Sans convention)";"";"";"";"";"";"";"";"";"3 - Plutôt oui, il y a foisonnement de projets";"C.D.I";"40";"5 - Très satisfait";"Oui, si flexbile";"Chef-fe de projet";"";"5";"4";"22358";"X";"";"22358";"";"";"3";"3"
"48";"14527204";"04/01/2023 - 09:54";"04/01/2023 - 09:54";"04/01/2023 - 09:54";"0";"0.0.0.0";"0";"Anonymous";"VAE ayant permis l'obtention du titre";"";"2016";"6";"Auvergne-Rhône-Alpes";"";"Homme";"0";"Entreprise de réalisation";"";"26-50";"Convention collective nationale des entreprises du paysage";"";"";"";"";"";"";"";"";"3 - Plutôt oui, il y a foisonnement de projets";"C.D.I";"50";"2";"Non, exceptionnellement pour les deux confinements";"Chargé-e d'étude";"";"4";"4";"25200";"X";"";"25200";"";"Néant";"2";"2"
"49";"14527363";"04/01/2023 - 10:02";"04/01/2023 - 10:02";"04/01/2023 - 10:02";"0";"0.0.0.0";"0";"Anonymous";"Agrocampus Ouest (INH)";"";"2015";"7";"Pays de la Loire";"";"Femme";"0";"Bureau d'études";"Bureau d'étude en environnement";"26-50";"Syntec: Convention collective nationale des bureaux d'études techniques, des cabinets d'ingénieurs-conseils et des sociétés de conseils";"";"";"";"";"";"";"";"";"";"C.D.I";"36";"4";"Oui, si flexbile";"Responsable d'équipe";"";"6";"3";"25600";"X";"";"25600";"";"aucun";"3";"3"
"50";"14527474";"04/01/2023 - 10:08";"04/01/2023 - 10:08";"04/01/2023 - 10:08";"0";"0.0.0.0";"0";"Anonymous";"INSA-CVL-ENP (ex: ENSNP)";"";"2017";"5";"Autre";"Bruxelles";"Femme";"0";"Agence de paysage";"";"6-10";"Je ne sais pas";"";"";"";"";"";"";"";"";"";"Micro-entrepreneur (ME / Auto-entrepreneur)";"24";"4";"Oui, si flexbile";"Chef-fe de projet";"";"0";"4";"16163";"X";"";"11733";"";"";"2";"3"
"51";"14530064";"04/01/2023 - 12:07";"04/01/2023 - 12:07";"04/01/2023 - 12:07";"0";"0.0.0.0";"0";"Anonymous";"ENSAPL";"";"2020";"2";"Paris";"";"Homme";"0";"Agence d'architecture";"";"26-50";"Convention collective nationale des entreprises d'architecture";"";"";"";"";"";"";"";"";"";"C.D.I";"39";"1";"Oui, si flexbile";"Dessinateur-trice projeteur-se";"";"2";"3";"";"X";"";"20335";"";"Tickets restaurant ";"0 - Pas du tout satisfait";"1"
"52";"14530096";"04/01/2023 - 12:09";"04/01/2023 - 12:09";"04/01/2023 - 12:09";"0";"0.0.0.0";"0";"Anonymous";"VAE ayant permis l'obtention du titre";"Université de foresterie - Sofia  Bulgarie";"2011";"8";"Île-de-France";"";"Femme";"0";"Freelance / Indépendant";"";"1";"Je ne sais pas";"";"X";"";"";"";"";"";"";"";"Micro-entrepreneur (ME / Auto-entrepreneur)";"39";"3";"Oui, y compris à temps complet";"Chef-fe de projet";"";"8";"3";"22000";"";"";"";"";"";"3";"1"
"53";"14530225";"04/01/2023 - 12:16";"04/01/2023 - 12:16";"04/01/2023 - 12:16";"0";"0.0.0.0";"0";"Anonymous";"Agrocampus Ouest (INH)";"";"2005";"17";"Grand Est";"";"Femme";"1";"Freelance / Indépendant";"";"1";"Je ne sais pas";"X";"";"";"";"";"";"";"";"4 - A 100%, le carnet de commandes est plein pour 2023";"Dirigeant de SARL";"35";"4";"Oui, y compris à temps complet";"Autre";"tous";"7";"5 - Très satisfait";"24242";"X";"X";"3127";"21115";"";"4";"3"
"54";"14534779";"04/01/2023 - 16:28";"04/01/2023 - 16:28";"04/01/2023 - 16:28";"0";"0.0.0.0";"0";"Anonymous";"ESAJ";"";"1993";"28";"Bretagne";"";"Homme";"0";"Agence de paysage";"";"6-10";"Syntec: Convention collective nationale des bureaux d'études techniques, des cabinets d'ingénieurs-conseils et des sociétés de conseils";"";"";"";"";"";"";"";"";"3 - Plutôt oui, il y a foisonnement de projets";"C.D.I";"55";"4";"Non, exceptionnellement pour les deux confinements";"Chargé-e d'affaires / d'opérations / de missions";"";"28";"5 - Très satisfait";"43997";"X";"";"43997";"";"PEE, PERCO";"4";"1"
"55";"14536612";"04/01/2023 - 18:18";"04/01/2023 - 18:18";"04/01/2023 - 18:18";"0";"0.0.0.0";"0";"Anonymous";"ESAJ";"";"2011";"10";"Île-de-France";"";"Femme";"0";"Coopérative d'activité et d'emploi";"";"51-200";"BTP: Convention collective nationale des ouvriers des travaux publics";"";"";"";"";"";"";"";"";"3 - Plutôt oui, il y a foisonnement de projets";"C.D.I";"35";"4";"Oui, si flexbile";"Chef-fe de projet";"";"5";"4";"16737";"X";"";"16737";"";"Défraiment repas et transports à hauteur de 120€ par mois";"2";"2"
"56";"14537577";"04/01/2023 - 19:33";"04/01/2023 - 19:33";"04/01/2023 - 19:33";"0";"0.0.0.0";"0";"Anonymous";"ENSAPL";"";"2018";"4";"Paris";"";"Femme";"0";"Agence d'architecture";"";"51-200";"Convention collective nationale des entreprises d'architecture";"";"";"";"";"";"";"";"";"";"C.D.I";"39";"4";"Oui, si flexbile";"Chargé-e d'étude débutant-e";"";"1";"4";"";"X";"";"27600";"";"Rtt, cse, tickets ";"3";"3"
"57";"14543731";"05/01/2023 - 10:58";"05/01/2023 - 10:58";"05/01/2023 - 10:58";"0";"0.0.0.0";"0";"Anonymous";"Gembloux";"";"2014";"5";"Autre";"Luxembourg";"Homme";"0";"Agence de paysage";"Collaboration avec une agence d’architecture ";"6-10";"Je ne sais pas";"";"";"";"";"";"";"";"";"";"C.D.I";"40";"3";"Oui, si flexbile";"Dessinateur-trice projeteur-se";"";"5";"4";"34000";"X";"";"";"";"Tickets restaurants ";"3";"1"
"58";"14545758";"05/01/2023 - 12:22";"05/01/2023 - 12:22";"05/01/2023 - 12:22";"0";"0.0.0.0";"0";"Anonymous";"ENSAPBX";"";"2021";"2";"Grand Est";"";"Femme";"0";"Bureau d'études";"agence d'urbanisme (en priorité) et de paysage ";"2-5";"Syntec: Convention collective nationale des bureaux d'études techniques, des cabinets d'ingénieurs-conseils et des sociétés de conseils";"";"";"";"";"";"";"";"";"";"C.D.I";"38";"4";"Non, exceptionnellement pour les deux confinements";"Chargé-e d'affaires / d'opérations / de missions";"";"2";"4";"18240";"X";"";"18240";"";"prime de fin d'année, prise en charge du repas du midi lors de déplacement, location de voiture pour les déplacements lointains";"2";"3"
"59";"14550059";"05/01/2023 - 15:32";"05/01/2023 - 15:32";"05/01/2023 - 15:32";"0";"0.0.0.0";"0";"Anonymous";"ESAJ";"";"2002";"18";"Occitanie";"";"Femme";"02";"Agence de paysage";"";"2-5";"Convention collective nationale des entreprises d'architecture";"";"";"";"";"";"";"";"";"4 - A 100%, le carnet de commandes est plein pour 2023";"Dirigeant d'entreprise salarié";"39";"5 - Très satisfait";"Oui, si flexbile";"Directeur-trice/Dirigeant-e de société";"";"18";"5 - Très satisfait";"54000";"X";"";"54000";"";"voiture de fonction";"5 - Très satisfait";"0 - Pas du tout satisfait"
"60";"14552447";"05/01/2023 - 17:05";"05/01/2023 - 17:05";"05/01/2023 - 17:05";"0";"0.0.0.0";"0";"Anonymous";"ENSP Versailles";"";"2013";"9";"Hauts-de-France";"";"Femme";"3";"Freelance / Indépendant";"Micro entreprise";"1";"Je ne sais pas";"";"";"";"";"X";"";"";"";"3 - Plutôt oui, il y a foisonnement de projets";"Micro-entrepreneur (ME / Auto-entrepreneur)";"15";"4";"Oui, si flexbile";"Responsable d'agence / bureaux";"";"2";"4";"18200";"X";"X";"";"26000";"";"3";"2"
"61";"14554770";"05/01/2023 - 19:06";"05/01/2023 - 19:06";"05/01/2023 - 19:06";"0";"0.0.0.0";"0";"Anonymous";"ENSAPL";"";"2018";"5";"Île-de-France";"";"Homme";"0";"Agence de paysage";"";"26-50";"Convention collective nationale des entreprises d'architecture";"";"";"";"";"";"";"";"";"";"C.D.I";"39";"3";"Oui, si flexbile";"Chef-fe de projet";"";"5";"4";"";"X";"";"25856";"";"tickets restaurants, 50% du forfait navigo";"2";"2"
"62";"14556266";"05/01/2023 - 21:23";"05/01/2023 - 21:23";"05/01/2023 - 21:23";"0";"0.0.0.0";"0";"Anonymous";"ENSAPL";"";"2018";"4";"Provence-Alpes-Côte d'Azur";"";"Homme";"0";"Fonction publique";"MÉTROPOLE ";"1001-...";"Fonction publique territoriale";"";"";"";"";"";"";"";"X";"";"C.D.D";"37";"5 - Très satisfait";"Oui, si flexbile";"Chef-fe de projet";"";"2";"4";"";"X";"";"27000";"";"RTT, ticket restaut, vélo de fonction, CE";"3";"2"
"63";"14556581";"05/01/2023 - 21:51";"05/01/2023 - 21:51";"05/01/2023 - 21:51";"0";"0.0.0.0";"0";"Anonymous";"Gembloux";"";"2020";"5";"Autre";"Belgique, Bruxelles";"Homme";"0";"Fonction publique";"Commune";"1001-...";"Je ne sais pas";"";"";"";"";"";"";"";"";"";"C.D.I";"40";"4";"Non, exceptionnellement pour les deux confinements";"Responsable d'équipe";"";"2";"5 - Très satisfait";"26400";"";"";"";"";"jour récupération, ticket resto, abonnement transport en commun remboursé totalement, allocation pour télétravail + vélo";"4";"3"
"64";"14557340";"05/01/2023 - 23:30";"05/01/2023 - 23:30";"05/01/2023 - 23:30";"0";"0.0.0.0";"0";"Anonymous";"Gembloux";"";"2021";"1";"Auvergne-Rhône-Alpes";"";"Femme";"0";"Agence d'architecture";"";"51-200";"Convention collective nationale des entreprises d'architecture";"";"";"";"";"";"";"";"";"";"C.D.I";"38";"3";"Oui, si flexbile";"Chargé-e d'étude débutant-e";"";"1";"4";"23280";"X";"";"1940";"";"Ticket restaurant, cse, mutuel ";"4";"3"
"65";"14561781";"06/01/2023 - 11:10";"06/01/2023 - 11:10";"06/01/2023 - 11:10";"0";"0.0.0.0";"0";"Anonymous";"ENSAPL";"";"2018";"4";"Île-de-France";"";"Homme";"0";"Agence de paysage";"";"6-10";"Convention collective nationale des entreprises d'architecture";"";"";"";"";"";"";"";"";"";"C.D.I";"40";"3";"Oui, si flexbile";"Chargé-e d'étude";"";"2";"2";"26500";"X";"";"25600";"";"Tickets restaurant, congés supplémentaires ";"2";"2"
"66";"14563872";"06/01/2023 - 13:00";"06/01/2023 - 13:00";"06/01/2023 - 13:00";"0";"0.0.0.0";"0";"Anonymous";"ENSAPL";"";"2018";"4";"Hauts-de-France";"";"Femme";"1";"Agence de paysage";"";"6-10";"Syntec: Convention collective nationale des bureaux d'études techniques, des cabinets d'ingénieurs-conseils et des sociétés de conseils";"";"";"";"";"";"";"";"";"3 - Plutôt oui, il y a foisonnement de projets";"Dirigeant de SARL";"50";"2";"Non, exceptionnellement pour les deux confinements";"Directeur-trice/Dirigeant-e de société";"";"2";"4";"26400";"";"X";"";"26400";"CE";"3";"0 - Pas du tout satisfait"
"67";"14566817";"06/01/2023 - 15:09";"06/01/2023 - 15:09";"06/01/2023 - 15:09";"0";"0.0.0.0";"0";"Anonymous";"Agrocampus Ouest (INH)";"";"2013";"8";"Nouvelle-Aquitaine";"";"Femme";"2";"Bureau d'études";"BE en environnement";"51-200";"Syntec: Convention collective nationale des bureaux d'études techniques, des cabinets d'ingénieurs-conseils et des sociétés de conseils";"";"";"";"";"";"";"";"";"";"C.D.I";"30";"4";"Oui, si flexbile";"Chargé-e d'étude confirmé-e";"";"5";"3";"";"X";"";"17556";"";"tickets estaurants, indemnité + équipement télétravail, CSE, coffret cadeaux Noël, chèques cadeaux, prime naissance";"4";"3"
"68";"14572746";"06/01/2023 - 19:55";"06/01/2023 - 19:55";"06/01/2023 - 19:55";"0";"0.0.0.0";"0";"Anonymous";"ENSAPL";"";"2020";"2";"Normandie";"";"Femme";"0";"Agence de paysage";"";"2-5";"Convention collective nationale des entreprises du paysage";"";"";"";"";"";"";"";"";"";"C.D.I";"36";"3";"Oui, y compris à temps complet";"Assistant-e de projet";"";"2";"3";"22700";"X";"";"22700";"";"Aucun";"1";"1"
"69";"14578044";"07/01/2023 - 15:15";"07/01/2023 - 15:15";"07/01/2023 - 15:15";"0";"0.0.0.0";"0";"Anonymous";"Agrocampus Ouest (INH)";"";"2016";"6";"Nouvelle-Aquitaine";"";"Homme";"0";"Fonction publique";"Communauté d’Agglomération de La Rochelle";"501-1000";"Fonction publique territoriale";"";"";"";"";"";"";"";"";"";"Contractuel dans la fonction publique";"3835";"5 - Très satisfait";"Oui, si flexbile";"Chargé-e d'affaires / d'opérations / de missions";"";"3";"3";"23626";"X";"";"23626";"";"17 RTT, tickets restaurant de 6€";"1";"1"
"70";"14580706";"07/01/2023 - 23:03";"07/01/2023 - 23:03";"07/01/2023 - 23:03";"0";"0.0.0.0";"0";"Anonymous";"ENSP Versailles";"";"1992";"29";"Île-de-France";"";"Homme";"2";"Bureau d'études";"SARL a geometrie variable affilié à un groupe américain (WDI)";"201-500";"Syntec: Convention collective nationale des bureaux d'études techniques, des cabinets d'ingénieurs-conseils et des sociétés de conseils";"";"";"";"";"";"";"";"";"";"C.D.I";"39";"5 - Très satisfait";"Oui, si flexbile";"Chef-fe de projet confirmé-e";"";"4";"2";"45000";"X";"";"45000";"";"cantine";"3";"3"
"71";"14581030";"08/01/2023 - 07:27";"08/01/2023 - 07:27";"08/01/2023 - 07:27";"0";"0.0.0.0";"0";"Anonymous";"ENSAPL";"";"2020";"2";"Paris";"";"Homme";"0";"Agence de paysage";"";"6-10";"Convention collective nationale des entreprises d'architecture";"";"";"";"";"";"";"";"";"";"C.D.I";"39";"3";"Oui, si flexbile";"Chef-fe de projet";"";"2";"4";"21368";"X";"";"21368";"";"Tickets restaurant ";"4";"1"
"72";"14581117";"08/01/2023 - 08:36";"08/01/2023 - 08:36";"08/01/2023 - 08:36";"0";"0.0.0.0";"0";"Anonymous";"ENSP Versailles";"";"2018";"4";"Paris";"";"Femme";"0";"Agence de paysage";"";"11-25";"Code du travail (Sans convention)";"";"";"";"";"";"";"";"";"2 - Je ne sais pas";"C.D.I";"39";"1";"Oui, si flexbile";"Chef-fe de projet confirmé-e";"";"2";"1";"27500";"X";"";"29500";"";"tickets restaurants ";"1";"0 - Pas du tout satisfait"
"73";"14592628";"09/01/2023 - 10:55";"09/01/2023 - 10:55";"09/01/2023 - 10:55";"0";"0.0.0.0";"0";"Anonymous";"ENSAPL";"";"2018";"3";"Occitanie";"";"Femme";"0";"Fonction publique";"EPCI rural";"11-25";"Fonction publique territoriale";"";"";"";"";"";"";"";"";"";"C.D.D";"35";"4";"Oui, si flexbile";"Chef-fe de projet débutant-e";"";"2";"5 - Très satisfait";"24924";"X";"";"24924";"";"";"4";"2"
"74";"14595866";"09/01/2023 - 13:02";"09/01/2023 - 13:02";"09/01/2023 - 13:02";"0";"0.0.0.0";"0";"Anonymous";"ENSP Versailles";"";"2018";"3";"Pays de la Loire";"";"Femme";"0";"C.A.U.E";"";"6-10";"Convention collective des CAUE";"";"";"";"";"";"";"";"";"";"C.D.D";"22";"5 - Très satisfait";"Oui, si flexbile";"Paysagiste conseil";"";"0";"5 - Très satisfait";"";"X";"";"20668";"";"Tickets restaurants";"4";"2"
"75";"14599222";"09/01/2023 - 15:17";"09/01/2023 - 15:17";"09/01/2023 - 15:17";"0";"0.0.0.0";"0";"Anonymous";"HEPIA de Genève";"";"2010";"15";"Pays de la Loire";"";"Homme";"2";"Agence de paysage";"";"2-5";"Convention collective nationale des entreprises d'architecture";"X";"";"";"";"";"";"";"";"3 - Plutôt oui, il y a foisonnement de projets";"Dirigeant de SARL";"32";"4";"Oui, si flexbile";"Directeur-trice/Dirigeant-e de société";"";"7";"4";"";"";"X";"";"24000";"";"3";"1"
"76";"14616289";"10/01/2023 - 14:21";"10/01/2023 - 14:21";"10/01/2023 - 14:21";"0";"0.0.0.0";"0";"Anonymous";"INSA-CVL-ENP (ex: ENSNP)";"";"2018";"4";"Bourgogne-Franche-Comté";"";"Femme";"0";"Agence de paysage";"";"2-5";"Convention collective nationale des entreprises d'architecture";"";"";"";"";"";"";"";"";"";"C.D.I";"40";"4";"Oui, si flexbile";"Chargé-e d'étude";"";"4";"4";"23467";"X";"";"23467";"";"Frais de stationnement";"3";"0 - Pas du tout satisfait"
"77";"14633133";"11/01/2023 - 12:34";"11/01/2023 - 12:34";"11/01/2023 - 12:34";"0";"0.0.0.0";"0";"Anonymous";"ENSAPL";"";"2020";"2";"Auvergne-Rhône-Alpes";"";"Femme";"0";"Agence de paysage";"";"2-5";"Convention collective nationale des entreprises d'architecture";"";"";"";"";"";"";"";"";"";"C.D.I";"39";"1";"Oui, si flexbile";"Chef-fe de projet débutant-e";"";"2";"3";"21000";"X";"";"1850";"";"Abonnement citiz pour les déplacements pro + téléphone pro";"3";"3"
"78";"14634596";"11/01/2023 - 13:58";"11/01/2023 - 13:58";"11/01/2023 - 13:58";"0";"0.0.0.0";"0";"Anonymous";"Agrocampus Ouest (INH)";"";"2010";"12";"Occitanie";"";"Femme";"0";"Bureau d'études";"";"201-500";"Syntec: Convention collective nationale des bureaux d'études techniques, des cabinets d'ingénieurs-conseils et des sociétés de conseils";"";"";"";"";"";"";"";"";"";"C.D.I";"39";"3";"Oui, si flexbile";"Chef-fe de projet";"";"12";"3";"31777";"X";"";"31777";"";"11 jours de RTT, et tickets restaurant";"0 - Pas du tout satisfait";"0 - Pas du tout satisfait"
"79";"14635567";"11/01/2023 - 14:42";"11/01/2023 - 14:42";"11/01/2023 - 14:42";"0";"0.0.0.0";"0";"Anonymous";"ENSAPBX";"";"2020";"2";"Occitanie";"";"Femme";"0";"Agence de paysage";"Petite structure de 4 salariés et une alternante";"2-5";"Convention collective nationale des entreprises du paysage";"";"";"";"";"";"";"";"";"";"C.D.I";"35";"4";"Oui, si flexbile";"Chef-fe de projet";"";"1";"3";"22785";"X";"";"1800";"";"";"3";"2"
"80";"14641573";"11/01/2023 - 20:25";"11/01/2023 - 20:25";"11/01/2023 - 20:25";"0";"0.0.0.0";"0";"Anonymous";"Gembloux";"";"2018";"5";"Autre";"Charleroi (Belgique)";"Homme";"0";"Bureau d'études";"Société Intercommunale";"201-500";"Je ne sais pas";"";"";"";"";"";"X";"";"";"2 - Je ne sais pas";"C.D.I";"38";"5 - Très satisfait";"Oui, si flexbile";"Chargé-e d'étude";"";"5";"4";"27160";"X";"";"41168";"";"RTT, tickets restautrants, voiture en leasing pour les réunions à l'extérieur, trajets vélo rémunérés, abonnement TEC";"3";"3"
"81";"14643436";"12/01/2023 - 00:24";"12/01/2023 - 00:24";"12/01/2023 - 00:24";"0";"0.0.0.0";"0";"Anonymous";"ENSP Versailles";"";"2021";"1";"Île-de-France";"";"Homme";"0";"Agence d'architecture";"";"11-25";"Convention collective nationale des entreprises d'architecture";"";"";"";"";"";"";"";"";"";"C.D.D";"39";"2";"Oui, si flexbile";"Assistant-e de projet";"";"1";"3";"22200";"X";"";"22200";"";"Tickets restaurant ";"0 - Pas du tout satisfait";"0 - Pas du tout satisfait"
"82";"14654488";"12/01/2023 - 15:24";"12/01/2023 - 15:24";"12/01/2023 - 15:24";"0";"0.0.0.0";"0";"Anonymous";"ENSAPBX";"";"2015";"7";"Nouvelle-Aquitaine";"";"Femme";"1";"Bureau d'études";"Bureau d'études en environnement";"51-200";"Syntec: Convention collective nationale des bureaux d'études techniques, des cabinets d'ingénieurs-conseils et des sociétés de conseils";"";"";"";"";"";"";"";"";"";"C.D.I";"30";"5 - Très satisfait";"Oui, si flexbile";"Responsable d'agence / bureaux";"";"7";"4";"24811";"X";"";"24811";"";"chèques déjeuner, chèques cadeau, CSE, primes télétravail, habillement, transport, PEPA";"4";"3"
"83";"14669113";"13/01/2023 - 12:34";"13/01/2023 - 12:34";"13/01/2023 - 12:34";"0";"0.0.0.0";"0";"Anonymous";"ENSP Marseille";"";"2021";"1";"Paris";"";"Femme";"0";"Agence de paysage";"";"6-10";"Convention collective nationale des entreprises d'architecture";"";"";"";"";"";"";"";"";"";"C.D.D";"35";"4";"Oui, si flexbile";"Chargé-e d'étude débutant-e";"";"1";"3";"19200";"X";"";"19200";"";"pas de travail le vendredi après-midi";"2";"2"
"84";"14669161";"13/01/2023 - 12:38";"13/01/2023 - 12:38";"13/01/2023 - 12:38";"0";"0.0.0.0";"0";"Anonymous";"ENSP Marseille";"";"2021";"3";"Provence-Alpes-Côte d'Azur";"";"Femme";"0";"Agence de paysage";"";"6-10";"Syntec: Convention collective nationale des bureaux d'études techniques, des cabinets d'ingénieurs-conseils et des sociétés de conseils";"";"";"";"";"";"";"";"";"";"C.D.I";"39";"4";"Oui, si flexbile";"Chargé-e d'étude";"";"2";"4";"22117";"X";"";"22117";"";"Tickets restaurants, voiture de fonction, primes, chèques cadeaux";"3";"1"
"85";"14670407";"13/01/2023 - 13:57";"13/01/2023 - 13:57";"13/01/2023 - 13:57";"0";"0.0.0.0";"0";"Anonymous";"ENSP Marseille";"";"2011";"11";"Occitanie";"";"Femme";"0";"Groupe";"";"26-50";"Convention collective nationale des entreprises du paysage";"";"";"";"";"";"";"";"";"";"C.D.I";"39";"5 - Très satisfait";"Oui, si flexbile";"Responsable d'agence / bureaux";"";"1";"4";"45000";"X";"";"";"";"Voiture de service";"4";"2"
"86";"14671768";"13/01/2023 - 14:48";"13/01/2023 - 14:48";"13/01/2023 - 14:48";"0";"0.0.0.0";"0";"Anonymous";"ENSP Marseille";"";"2019";"4";"Paris";"";"Homme";"0";"Agence de paysage";"";"11-25";"Syntec: Convention collective nationale des bureaux d'études techniques, des cabinets d'ingénieurs-conseils et des sociétés de conseils";"";"";"";"";"";"";"";"";"";"C.D.I";"39";"3";"Oui, si flexbile";"Chef-fe de projet débutant-e";"";"2";"4";"";"X";"";"21887";"";"Aucun";"3";"1"
"87";"14673427";"13/01/2023 - 15:51";"13/01/2023 - 15:51";"13/01/2023 - 15:51";"0";"0.0.0.0";"0";"Anonymous";"ENSP Versailles";"";"2017";"2";"Île-de-France";"";"Homme";"0";"C.A.U.E";"";"6-10";"Convention collective des CAUE";"";"";"";"";"";"";"";"";"";"C.D.I";"28";"4";"Oui, si flexbile";"Chargé-e d'étude";"";"2";"4";"22000";"X";"";"19872";"";"RTT";"3";"1"
"88";"14677365";"13/01/2023 - 19:11";"13/01/2023 - 19:11";"13/01/2023 - 19:11";"0";"0.0.0.0";"0";"Anonymous";"ENSP Marseille";"";"2013";"8";"Guadeloupe";"";"Homme";"2";"Bureau d'études";"";"2-5";"Je ne sais pas";"";"";"";"";"";"";"";"";"";"C.D.I";"35";"5 - Très satisfait";"Oui, y compris à temps complet";"Chef-fe de projet confirmé-e";"";"8";"5 - Très satisfait";"38000";"X";"";"";"";"R";"0 - Pas du tout satisfait";"0 - Pas du tout satisfait"
"89";"14677465";"13/01/2023 - 19:21";"13/01/2023 - 19:21";"13/01/2023 - 19:21";"0";"0.0.0.0";"0";"Anonymous";"ENSP Marseille";"";"2017";"5";"Auvergne-Rhône-Alpes";"";"Femme";"1";"Agence d'architecture";"Scop sa";"26-50";"Convention collective nationale des entreprises d'architecture";"";"";"";"";"";"";"";"";"";"C.D.I";"39";"5 - Très satisfait";"Non, exceptionnellement pour les deux confinements";"Chargé-e d'étude";"";"3";"5 - Très satisfait";"";"X";"";"19375";"";"Ticket restaurant ";"4";"2"
"90";"14678518";"13/01/2023 - 21:18";"13/01/2023 - 21:18";"13/01/2023 - 21:18";"0";"0.0.0.0";"0";"Anonymous";"INSA-CVL-ENP (ex: ENSNP)";"";"2003";"20";"Provence-Alpes-Côte d'Azur";"";"Femme";"02";"Fonction publique";"";"201-500";"Fonction publique territoriale";"";"";"";"";"";"";"";"";"";"Contractuel dans la fonction publique";"39";"3";"Oui, si flexbile";"Directeur-trice/Dirigeant-e de société";"";"6";"4";"36000";"X";"";"36000";"";"RTT ";"2";"3"
"91";"14678522";"13/01/2023 - 21:19";"13/01/2023 - 21:19";"13/01/2023 - 21:19";"0";"0.0.0.0";"0";"Anonymous";"INSA-CVL-ENP (ex: ENSNP)";"";"2008";"15";"Paris";"";"Homme";"1";"Agence d'architecture";"";"11-25";"Convention collective nationale des entreprises d'architecture";"X";"";"X";"X";"";"";"";"";"4 - A 100%, le carnet de commandes est plein pour 2023";"Dirigeant de SARL";"39";"4";"Oui, si flexbile";"Directeur-trice/Dirigeant-e de société";"";"8";"5 - Très satisfait";"68737";"X";"X";"36697";"32487";"";"5 - Très satisfait";"3"
"92";"14678760";"13/01/2023 - 21:57";"13/01/2023 - 21:57";"13/01/2023 - 21:57";"0";"0.0.0.0";"0";"Anonymous";"ENSP Marseille";"";"2019";"3";"Auvergne-Rhône-Alpes";"";"Femme";"0";"Recherche";"Chaire Paysage et énergie ensp Versailles ";"2-5";"Fonction publique territoriale";"";"";"";"";"";"";"";"";"2 - Je ne sais pas";"C.D.D";"35";"3";"Oui, y compris à temps complet";"Chargé-e d'affaires / d'opérations / de missions";"";"1";"1";"10000";"X";"";"10000";"";"Aucun";"0 - Pas du tout satisfait";"0 - Pas du tout satisfait"
"93";"14678959";"13/01/2023 - 22:29";"13/01/2023 - 22:29";"13/01/2023 - 22:29";"0";"0.0.0.0";"0";"Anonymous";"ENSP Marseille";"";"2020";"2";"Provence-Alpes-Côte d'Azur";"";"Femme";"0";"Agence d'architecture";"";"26-50";"Convention collective nationale des entreprises d'architecture";"";"";"";"";"X";"";"";"";"";"C.D.D";"39";"0 - Pas du tout satisfait";"Oui, si flexbile";"Assistant-e de projet";"";"0";"0 - Pas du tout satisfait";"26400";"X";"";"33000";"";"Les RTT ne sont pas des avantages";"5 - Très satisfait";"3"
"94";"14679373";"14/01/2023 - 00:14";"14/01/2023 - 00:14";"14/01/2023 - 00:14";"0";"0.0.0.0";"0";"Anonymous";"INSA-CVL-ENP (ex: ENSNP)";"";"2011";"11";"Autre";"Europe";"Femme";"2";"Agence de paysage";"";"11-25";"Je ne sais pas";"";"";"";"";"";"";"";"";"";"C.D.I";"25";"3";"Oui, si flexbile";"Chef-fe de projet";"";"5";"2";"";"X";"";"30.000";"";"Participation garderie enfant";"2";"3"
"95";"14680025";"14/01/2023 - 09:13";"14/01/2023 - 09:13";"14/01/2023 - 09:13";"0";"0.0.0.0";"0";"Anonymous";"INSA-CVL-ENP (ex: ENSNP)";"";"2016";"6";"Auvergne-Rhône-Alpes";"";"Femme";"0";"C.A.U.E";"";"11-25";"Convention collective des CAUE";"";"";"";"";"X";"";"";"";"";"C.D.I";"39";"3";"Oui, si flexbile";"Paysagiste conseil";"";"1";"4";"30000";"X";"X";"27600";"3000";"RTT, tickets restaurant, chèques cadeaux ";"3";"1"
"96";"14681887";"14/01/2023 - 13:05";"14/01/2023 - 13:05";"14/01/2023 - 13:05";"0";"0.0.0.0";"0";"Anonymous";"Agrocampus Ouest (INH)";"";"2008";"13";"Île-de-France";"";"Homme";"0";"Fonction publique";"Commune de 97000 habitants";"1001-...";"Fonction publique territoriale";"";"";"";"";"";"";"";"";"";"Fonctionnaire";"40";"2";"Oui, si flexbile";"Responsable d'équipe";"";"13";"3";"48135";"X";"";"";"";"21 RTT, téléphone portable, ordinateur portable, prise en charge frais transports en commun 50%, prêt vélo";"4";"2"
"97";"14691099";"15/01/2023 - 20:30";"15/01/2023 - 20:30";"15/01/2023 - 20:30";"0";"0.0.0.0";"0";"Anonymous";"INSA-CVL-ENP (ex: ENSNP)";"";"2012";"12";"Paris";"";"Homme";"0";"Entreprise de réalisation";"SCOP entreprise réalisation + étude + ateliers ++++";"2-5";"Convention collective nationale des entreprises du paysage";"";"";"";"";"";"";"";"";"2 - Je ne sais pas";"C.D.I";"38";"5 - Très satisfait";"Oui, si flexbile";"Responsable d'équipe";"";"6";"3";"30000";"X";"";"25249";"";"RTT 4/5eme payé vélo de fonction repas payés";"3";"3"
"98";"14693732";"16/01/2023 - 08:49";"16/01/2023 - 08:49";"16/01/2023 - 08:49";"0";"0.0.0.0";"0";"Anonymous";"ENSP Marseille";"";"2018";"2";"Autre";"Canton, Chine";"Homme";"0";"Bureau d'études";"Entreprise d’État sur la construction énergétique ";"1001-...";"Je ne sais pas";"";"";"";"";"X";"";"";"";"1 - Plutôt non, la concurrence est rude";"C.D.I";"39";"5 - Très satisfait";"Oui, si flexbile";"Dessinateur-trice projeteur-se";"";"1";"1";"15000";"X";"";"13500";"";"Ticket resto, ticket transport, ticket gym, articles ménagers ";"1";""
"99";"14693807";"16/01/2023 - 08:51";"16/01/2023 - 08:51";"16/01/2023 - 08:51";"0";"0.0.0.0";"0";"Anonymous";"INSA-CVL-ENP (ex: ENSNP)";"";"2005";"18";"Île-de-France";"";"Femme";"2";"Agence de paysage";"";"6-10";"Code du travail (Sans convention)";"";"";"";"";"";"";"";"";"3 - Plutôt oui, il y a foisonnement de projets";"Dirigeant de SARL";"39";"0 - Pas du tout satisfait";"Non, uniquement pour le premier confinement";"Directeur-trice/Dirigeant-e de société";"";"13";"5 - Très satisfait";"";"";"X";"";"60000";"Aucun ";"2";"0 - Pas du tout satisfait"
"100";"14694183";"16/01/2023 - 09:08";"16/01/2023 - 09:08";"16/01/2023 - 09:08";"0";"0.0.0.0";"0";"Anonymous";"INSA-CVL-ENP (ex: ENSNP)";"";"2008";"14";"Normandie";"";"Femme";"0";"Freelance / Indépendant";"exercice en libéral";"1";"Code du travail (Sans convention)";"";"";"";"";"";"";"";"";"3 - Plutôt oui, il y a foisonnement de projets";"Micro-entrepreneur (ME / Auto-entrepreneur)";"45";"1";"Oui, si flexbile";"Directeur-trice/Dirigeant-e de société";"";"11";"3";"";"";"X";"";"26045";"";"1";"2"
"101";"14695234";"16/01/2023 - 09:46";"16/01/2023 - 09:46";"16/01/2023 - 09:46";"0";"0.0.0.0";"0";"Anonymous";"INSA-CVL-ENP (ex: ENSNP)";"";"2012";"11";"Île-de-France";"";"Femme";"2";"Fonction publique";"";"501-1000";"Fonction publique territoriale";"";"";"";"";"";"";"";"";"";"C.D.D";"39";"3";"Oui, si flexbile";"Chef-fe de projet";"";"0";"4";"34000";"X";"";"34000";"";"RTT, restaurant d'entreprise, prime annuelle";"3";"3"
"102";"14696628";"16/01/2023 - 10:30";"16/01/2023 - 10:30";"16/01/2023 - 10:30";"0";"0.0.0.0";"0";"Anonymous";"ENSP Versailles";"";"2001";"22";"Auvergne-Rhône-Alpes";"";"Femme";"0";"Bureau d'études";"bureau d'étude en environnement";"6-10";"Syntec: Convention collective nationale des bureaux d'études techniques, des cabinets d'ingénieurs-conseils et des sociétés de conseils";"";"";"";"";"";"";"";"";"";"C.D.I";"35";"4";"Oui, si flexbile";"Chargé-e d'affaires / d'opérations / de missions";"";"13";"4";"";"X";"";"30000";"";"aucun";"3";""
"103";"14698476";"16/01/2023 - 11:27";"16/01/2023 - 11:27";"16/01/2023 - 11:27";"0";"0.0.0.0";"0";"Anonymous";"INSA-CVL-ENP (ex: ENSNP)";"";"2008";"13";"Auvergne-Rhône-Alpes";"";"Homme";"0";"Fonction publique";"";"1001-...";"Fonction publique territoriale";"";"";"";"";"";"";"";"";"";"Fonctionnaire";"39";"4";"Non, pas du tout";"Chef-fe de projet";"";"6";"3";"32340";"X";"";"32340";"";"RTT, tickets restaurants";"3";""
"104";"14708442";"16/01/2023 - 17:31";"16/01/2023 - 17:31";"16/01/2023 - 17:31";"0";"0.0.0.0";"0";"Anonymous";"INSA-CVL-ENP (ex: ENSNP)";"";"2009";"12";"Auvergne-Rhône-Alpes";"";"Homme";"2";"Bureau d'études";"";"1001-...";"Syntec: Convention collective nationale des bureaux d'études techniques, des cabinets d'ingénieurs-conseils et des sociétés de conseils";"";"";"";"";"";"";"";"";"";"C.D.I";"35";"5 - Très satisfait";"Oui, y compris à temps complet";"Chargé-e d'étude confirmé-e";"";"12";"3";"";"X";"";"40620";"";"RTT,  6 semaines de CP, tickets restaurants, CSE, primes intéressement/participation, télétravail";"2";""
"105";"14732727";"17/01/2023 - 20:22";"17/01/2023 - 20:22";"17/01/2023 - 20:22";"0";"0.0.0.0";"0";"Anonymous";"ENSP Marseille";"";"2022";"1";"Provence-Alpes-Côte d'Azur";"";"Je ne souhaite pas répondre";"0";"C.A.U.E";"";"11-25";"Convention collective des CAUE";"";"";"";"";"";"";"";"";"";"C.D.D";"35";"5 - Très satisfait";"Non, exceptionnellement pour les deux confinements";"Chargé-e d'étude débutant-e";"";"1";"5 - Très satisfait";"20000";"X";"";"4000";"";"TR";"5 - Très satisfait";"3"
"106";"14734029";"17/01/2023 - 22:00";"17/01/2023 - 22:00";"17/01/2023 - 22:00";"0";"0.0.0.0";"0";"Anonymous";"INSA-CVL-ENP (ex: ENSNP)";"";"2012";"10";"Occitanie";"";"Homme";"1";"Agence de paysage";"30 salariés, 50% paysagistes-50% urbanistes";"26-50";"Convention collective nationale des entreprises d'architecture";"";"";"";"";"";"";"";"";"";"C.D.I";"38";"4";"Oui, si flexbile";"Chef-fe de projet confirmé-e";"";"3";"4";"29184";"X";"";"29184";"";"téléphone PRO :)";"3";"0 - Pas du tout satisfait"
"107";"14734109";"17/01/2023 - 22:08";"17/01/2023 - 22:08";"17/01/2023 - 22:08";"0";"0.0.0.0";"0";"Anonymous";"INSA-CVL-ENP (ex: ENSNP)";"";"2012";"8";"Occitanie";"";"Femme";"1";"Agence de paysage";"Petite stucture 3 à 4 personne y compris le patron";"2-5";"Convention collective nationale des entreprises d'architecture";"";"";"";"";"";"";"";"";"";"C.D.I";"37";"2";"Oui, si flexbile";"Chargé-e d'étude";"";"1";"3";"25000";"X";"";"25600";"";"25600";"2";"0 - Pas du tout satisfait"
"108";"14734686";"17/01/2023 - 23:16";"17/01/2023 - 23:16";"17/01/2023 - 23:16";"0";"0.0.0.0";"0";"Anonymous";"Agrocampus Ouest (INH)";"";"2017";"5";"Pays de la Loire";"";"Femme";"0";"Agence de paysage";"";"26-50";"Convention collective nationale des entreprises d'architecture";"";"";"";"";"";"";"";"";"";"C.D.I";"35";"5 - Très satisfait";"Oui, y compris à temps complet";"Assistant-e de projet";"";"3";"5 - Très satisfait";"24317";"X";"";"24317";"";"RTT, tickets restaurant";"2";"2"
"109";"14738512";"18/01/2023 - 10:42";"18/01/2023 - 10:42";"18/01/2023 - 10:42";"0";"0.0.0.0";"0";"Anonymous";"Agrocampus Ouest (INH)";"";"2007";"15";"Auvergne-Rhône-Alpes";"";"Femme";"1";"Agence de paysage";"";"2-5";"Syntec: Convention collective nationale des bureaux d'études techniques, des cabinets d'ingénieurs-conseils et des sociétés de conseils";"X";"";"";"";"";"";"";"";"2 - Je ne sais pas";"Dirigeant de SARL";"40";"4";"Oui, si flexbile";"Responsable d'agence / bureaux";"";"6";"5 - Très satisfait";"20945";"";"X";"";"23000";"";"3";"1"
"110";"14749592";"18/01/2023 - 19:43";"18/01/2023 - 19:43";"18/01/2023 - 19:43";"0";"0.0.0.0";"0";"Anonymous";"Agrocampus Ouest (INH)";"";"2017";"5";"Autre";"United Kingdom";"Femme";"0";"Agence de paysage";"";"2-5";"Je ne sais pas";"";"";"";"";"";"";"";"";"";"C.D.I";"40";"4";"Oui, si flexbile";"Chef-fe de projet";"";"5";"4";"40000";"X";"";"400000";"";"13e mois";"4";""
"111";"14751318";"18/01/2023 - 22:38";"18/01/2023 - 22:38";"18/01/2023 - 22:38";"0";"0.0.0.0";"0";"Anonymous";"INSA-CVL-ENP (ex: ENSNP)";"";"2021";"1";"Paris";"";"Homme";"0";"Agence de paysage";"";"11-25";"Convention collective nationale des entreprises d'architecture";"";"";"";"";"";"";"";"";"";"C.D.D";"39";"3";"Non, pas du tout";"Assistant-e de projet";"";"0";"4";"24200";"X";"";"12500";"";"Tickets retaurants";"5 - Très satisfait";""
"112";"14786793";"21/01/2023 - 09:44";"21/01/2023 - 09:44";"21/01/2023 - 09:44";"0";"0.0.0.0";"0";"Anonymous";"Gembloux";"";"2021";"1";"Auvergne-Rhône-Alpes";"";"Femme";"0";"Agence d'architecture";"";"51-200";"Convention collective nationale des entreprises d'architecture";"";"";"";"";"";"";"";"";"";"C.D.I";"38";"4";"Oui, si flexbile";"Chargé-e d'étude";"";"1";"3";"23280";"X";"";"1940";"";"Ticket restaurant, cse, mutuel ";"3";""
"113";"14788337";"21/01/2023 - 11:46";"21/01/2023 - 11:46";"21/01/2023 - 11:46";"0";"0.0.0.0";"0";"Anonymous";"INSA-CVL-ENP (ex: ENSNP)";"";"2021";"1";"Auvergne-Rhône-Alpes";"";"Femme";"0";"Bureau d'études";"Urbanisme, paysage, architecture, environnement";"26-50";"Syntec: Convention collective nationale des bureaux d'études techniques, des cabinets d'ingénieurs-conseils et des sociétés de conseils";"";"";"";"";"";"";"";"";"";"C.D.I";"39";"2";"Oui, si flexbile";"Chargé-e d'étude";"";"1";"3";"19692";"X";"";"13385";"";"Tickets restaurants, remboursement intégral des transports en commun, CSE";"3";"2"
"114";"14793467";"22/01/2023 - 11:33";"22/01/2023 - 11:33";"22/01/2023 - 11:33";"0";"0.0.0.0";"0";"Anonymous";"Agrocampus Ouest (INH)";"";"2019";"3";"Pays de la Loire";"";"Homme";"0";"Agence de paysage";"";"2-5";"Convention collective nationale des entreprises d'architecture";"";"";"";"";"";"";"";"";"3 - Plutôt oui, il y a foisonnement de projets";"Dirigeant d'entreprise salarié";"46";"2";"Oui, si flexbile";"Responsable d'agence / bureaux";"";"3";"4";"";"X";"";"28950";"";"Voiture de fonction";"4";"3"
"115";"14828865";"24/01/2023 - 14:41";"24/01/2023 - 14:41";"24/01/2023 - 14:41";"0";"0.0.0.0";"0";"Anonymous";"ENSAPL";"";"2018";"4";"Hauts-de-France";"";"Femme";"0";"Agence d'Urbanisme du réseau F.N.A.U";"AGUR";"26-50";"Code du travail (Sans convention)";"";"";"";"";"";"";"";"";"";"C.D.I";"37.5";"5 - Très satisfait";"Oui, si flexbile";"Chargé-e d'étude";"";"4";"5 - Très satisfait";"29290";"X";"";"29290";"";"RTT, Tickets restaurants ";"5 - Très satisfait";""
"116";"14890112";"27/01/2023 - 16:27";"27/01/2023 - 16:27";"27/01/2023 - 16:27";"0";"0.0.0.0";"0";"Anonymous";"Agrocampus Ouest (INH)";"";"2010";"13";"Pays de la Loire";"";"Femme";"2";"Bureau d'études";"cabinet de géomètre";"26-50";"Convention collective nationale des cabinets ou entreprises de géomètres-experts, géomètres-topographes, photogrammètres et experts fonciers";"";"";"";"";"";"";"";"";"";"C.D.I";"40";"4";"Oui, si flexbile";"Chargé-e d'étude confirmé-e";"";"2";"4";"";"X";"";"32722";"";"RTT, tickets restaurants, CSE, voiture de service";"4";""
"117";"14900054";"28/01/2023 - 19:31";"28/01/2023 - 19:31";"28/01/2023 - 19:31";"0";"0.0.0.0";"0";"Anonymous";"Gembloux";"";"1990";"33";"Pays de la Loire";"";"Femme";"0";"Agence de paysage";"";"2-5";"Syntec: Convention collective nationale des bureaux d'études techniques, des cabinets d'ingénieurs-conseils et des sociétés de conseils";"";"";"";"";"";"";"";"";"";"C.D.I";"35";"4";"Oui, si flexbile";"Chef-fe de projet confirmé-e";"";"20";"4";"26856";"X";"";"2285";"";"aucun";"1";"2"
"118";"14906600";"29/01/2023 - 21:41";"29/01/2023 - 21:41";"29/01/2023 - 21:41";"0";"0.0.0.0";"0";"Anonymous";"INSA-CVL-ENP (ex: ENSNP)";"";"2021";"1";"Provence-Alpes-Côte d'Azur";"";"Femme";"0";"Freelance / Indépendant";"Freelance en agence de paysage";"2-5";"Convention collective nationale des entreprises d'architecture";"";"";"";"";"X";"";"";"";"";"Micro-entrepreneur (ME / Auto-entrepreneur)";"42";"1";"Oui, si flexbile";"Assistant-e d'étude";"";"1";"3";"";"";"X";"";"18720";"";"1";""
"119";"14906601";"29/01/2023 - 21:41";"29/01/2023 - 21:41";"29/01/2023 - 21:41";"0";"0.0.0.0";"0";"Anonymous";"INSA-CVL-ENP (ex: ENSNP)";"";"2021";"1";"Provence-Alpes-Côte d'Azur";"";"Femme";"0";"Freelance / Indépendant";"Freelance en agence de paysage";"2-5";"Convention collective nationale des entreprises d'architecture";"";"";"";"";"X";"";"";"";"";"Micro-entrepreneur (ME / Auto-entrepreneur)";"42";"1";"Oui, si flexbile";"Assistant-e d'étude";"";"1";"3";"";"";"X";"";"18720";"";"1";""
"120";"14907036";"29/01/2023 - 22:37";"29/01/2023 - 22:37";"29/01/2023 - 22:37";"0";"0.0.0.0";"0";"Anonymous";"INSA-CVL-ENP (ex: ENSNP)";"";"2011";"10";"Martinique";"";"Femme";"1";"Entreprise de réalisation";"";"2-5";"Convention collective nationale des entreprises du paysage";"";"";"";"";"X";"";"";"";"1 - Plutôt non, la concurrence est rude";"C.D.I";"35";"3";"Oui, y compris à temps complet";"Chargé-e d'affaires / d'opérations / de missions";"";"1";"4";"";"X";"";"";"";"";"3";"2"
"121";"14907059";"29/01/2023 - 22:40";"29/01/2023 - 22:40";"29/01/2023 - 22:40";"0";"0.0.0.0";"0";"Anonymous";"INSA-CVL-ENP (ex: ENSNP)";"";"2014";"9";"Auvergne-Rhône-Alpes";"";"Femme";"0";"Agence de paysage";"SCOP";"11-25";"Syntec: Convention collective nationale des bureaux d'études techniques, des cabinets d'ingénieurs-conseils et des sociétés de conseils";"";"";"";"";"X";"";"";"";"";"C.D.I";"28";"5 - Très satisfait";"Oui, si flexbile";"Chargé-e d'étude";"";"4";"5 - Très satisfait";"16800";"";"";"";"";"";"5 - Très satisfait";"3"
"122";"14928115";"31/01/2023 - 08:57";"31/01/2023 - 08:57";"31/01/2023 - 08:57";"0";"0.0.0.0";"0";"Anonymous";"INSA-CVL-ENP (ex: ENSNP)";"";"2012";"12";"Île-de-France";"";"Femme";"3";"Groupe";"";"1001-...";"Syntec: Convention collective nationale des bureaux d'études techniques, des cabinets d'ingénieurs-conseils et des sociétés de conseils";"";"";"";"";"";"";"";"";"";"C.D.I";"39";"4";"Oui, si flexbile";"Chargé-e d'étude confirmé-e";"";"1";"4";"";"X";"";"";"";"";"4";""
"123";"14956010";"01/02/2023 - 18:25";"01/02/2023 - 18:25";"01/02/2023 - 18:25";"0";"0.0.0.0";"0";"Anonymous";"ENSP Versailles";"";"2007";"15";"Pays de la Loire";"";"Femme";"2";"Agence de paysage";"";"2-5";"Convention collective nationale des entreprises d'architecture";"";"";"";"";"";"";"";"";"";"C.D.I";"35";"5 - Très satisfait";"Oui, si flexbile";"Chargé-e d'affaires / d'opérations / de missions";"";"10";"4";"31032";"X";"";"31572";"";"";"3";""
"124";"14993251";"03/02/2023 - 21:31";"03/02/2023 - 21:31";"03/02/2023 - 21:31";"0";"0.0.0.0";"0";"Anonymous";"Gembloux";"";"2020";"3";"Autre";"Belgique ";"Femme";"0";"Bureau d'études";"";"11-25";"Syntec: Convention collective nationale des bureaux d'études techniques, des cabinets d'ingénieurs-conseils et des sociétés de conseils";"";"";"";"";"";"";"";"";"";"Micro-entrepreneur (ME / Auto-entrepreneur)";"40";"1";"Oui, si flexbile";"Chef-fe de projet débutant-e";"";"2";"2";"19000";"X";"";"19000";"";"";"0 - Pas du tout satisfait";"5 - Très satisfait"
"125";"15051258";"08/02/2023 - 20:23";"08/02/2023 - 20:23";"08/02/2023 - 20:23";"0";"0.0.0.0";"0";"Anonymous";"ENSAPBX";"";"2016";"8";"Hauts-de-France";"";"Femme";"0";"Fonction publique";"Communauté d'agglomération";"1001-...";"Fonction publique territoriale";"";"";"";"";"";"";"";"";"";"C.D.D";"39";"4";"Oui, si flexbile";"Chargé-e d'étude";"";"3";"5 - Très satisfait";"28779";"X";"";"25409";"";"";"4";"3"
"126";"15117740";"14/02/2023 - 15:07";"14/02/2023 - 15:07";"14/02/2023 - 15:07";"0";"0.0.0.0";"0";"Anonymous";"ENSAPBX";"";"2019";"3";"Autre";"Zürich, Suisse";"Femme";"0";"Agence de paysage";"";"26-50";"Je ne sais pas";"";"";"";"";"";"";"";"";"";"C.D.I";"45";"0 - Pas du tout satisfait";"Oui, y compris à temps complet";"Dessinateur-trice projeteur-se";"";"1";"5 - Très satisfait";"60391";"";"";"";"";"carte demi tarif train";"5 - Très satisfait";""
"127";"15587092";"19/03/2023 - 14:00";"19/03/2023 - 14:00";"19/03/2023 - 14:00";"0";"0.0.0.0";"0";"Anonymous";"INSA-CVL-ENP (ex: ENSNP)";"";"2020";"2";"Nouvelle-Aquitaine";"";"Homme";"0";"Agence de paysage";"Agence de paysage spécialisé dans l'espace public comestible. Conception + réalisation de certains projets";"2-5";"Convention collective nationale des entreprises du paysage";"";"";"";"";"X";"";"";"";"";"C.D.I";"30";"4";"Oui, si flexbile";"Chargé-e d'étude";"";"1";"4";"19238";"X";"X";"16518";"2720";"";"3";"0 - Pas du tout satisfait"
"128";"15592085";"19/03/2023 - 22:38";"19/03/2023 - 22:38";"19/03/2023 - 22:38";"0";"0.0.0.0";"0";"Anonymous";"INSA-CVL-ENP (ex: ENSNP)";"";"2020";"2";"Nouvelle-Aquitaine";"";"Femme";"0";"Agence de paysage";"";"2-5";"Convention collective nationale des entreprises d'architecture";"";"";"";"";"";"";"";"";"";"C.D.I";"39";"2";"Oui, si flexbile";"Chef-fe de projet débutant-e";"";"1";"4";"";"X";"";"18186";"";"";"2";"1"
"129";"15916504";"10/04/2023 - 11:32";"10/04/2023 - 11:32";"10/04/2023 - 11:32";"0";"0.0.0.0";"0";"Anonymous";"Agrocampus Ouest (INH)";"";"2010";"12";"Grand Est";"";"Femme";"2";"Association";"Site culturel possédant un musée et un jardin remarquable";"11-25";"Convention collective nationale de l'animation";"";"";"";"";"";"";"";"";"";"C.D.I";"35";"3";"Non, exceptionnellement pour les deux confinements";"Responsable d'équipe";"";"7";"3";"24181";"X";"";"24181";"";"Chèque cadhoc à Noël, prime de fin d'année (environ 50-60% du salaire)";"5 - Très satisfait";""
"130";"16049055";"20/04/2023 - 15:24";"20/04/2023 - 15:24";"20/04/2023 - 15:24";"0";"0.0.0.0";"0";"Anonymous";"ENSP Versailles";"";"2018";"4";"Pays de la Loire";"";"Femme";"1";"Agence de paysage";"Zeppelin";"2-5";"Syntec: Convention collective nationale des bureaux d'études techniques, des cabinets d'ingénieurs-conseils et des sociétés de conseils";"";"";"";"";"";"";"";"";"2 - Je ne sais pas";"C.D.I";"39";"2";"Oui, si flexbile";"Directeur-trice/Dirigeant-e de société";"";"4";"4";"19386";"X";"";"19386";"";"tickets restaurants, mutuelles, frais kilometrique, prise en charge de l'abonnement sncf à 50%";"2";"4"
"131";"16130937";"27/04/2023 - 17:52";"27/04/2023 - 17:52";"27/04/2023 - 17:52";"0";"0.0.0.0";"0";"Anonymous";"ENSAPL";"";"2016";"5";"Pays de la Loire";"";"Homme";"0";"Agence de paysage";"SAS";"2-5";"Code du travail (Sans convention)";"";"";"";"";"";"";"";"";"";"C.D.I";"39";"5 - Très satisfait";"Oui, si flexbile";"Chef-fe de projet";"";"5";"4";"22481";"X";"";"22481";"";"";"3";"3"
"132";"16261289";"09/05/2023 - 19:13";"09/05/2023 - 19:13";"09/05/2023 - 19:13";"0";"0.0.0.0";"0";"Anonymous";"ENSP Versailles";"";"1989";"34";"Île-de-France";"";"Femme";"0";"Agence de paysage";"";"11-25";"Convention collective nationale des entreprises d'architecture";"X";"";"";"";"";"";"";"";"3 - Plutôt oui, il y a foisonnement de projets";"Dirigeant de SARL";"55";"2";"Oui, si flexbile";"Directeur-trice/Dirigeant-e de société";"";"34";"5 - Très satisfait";"74000";"";"X";"";"";"";"5 - Très satisfait";"2"
"133";"16350034";"15/05/2023 - 11:25";"15/05/2023 - 11:25";"15/05/2023 - 11:25";"0";"0.0.0.0";"0";"Anonymous";"ENSP Versailles";"";"2019";"3";"Hauts-de-France";"";"Femme";"0";"Agence de paysage";"";"6-10";"Convention collective nationale des entreprises d'architecture";"";"";"";"";"";"";"";"";"";"C.D.I";"43";"2";"Oui, si flexbile";"Chef-fe de projet";"";"2";"2";"17159";"X";"";"";"";"repas du midi prévu par l'agence";"1";""
"134";"17505117";"19/07/2023 - 11:41";"19/07/2023 - 11:41";"19/07/2023 - 11:41";"0";"0.0.0.0";"0";"Anonymous";"INSA-CVL-ENP (ex: ENSNP)";"";"2020";"2";"Paris";"";"Femme";"0";"Agence de paysage";"";"11-25";"Convention collective nationale des entreprises du paysage";"";"";"";"";"";"";"";"";"";"C.D.I";"39";"4";"Oui, si flexbile";"Chargé-e d'étude";"";"2";"4";"25545";"X";"";"25545";"";"RTT";"3";"2"
"135";"17508465";"19/07/2023 - 18:23";"19/07/2023 - 18:23";"19/07/2023 - 18:23";"0";"0.0.0.0";"0";"Anonymous";"INSA-CVL-ENP (ex: ENSNP)";"";"2020";"2";"Île-de-France";"";"Homme";"0";"Agence de paysage";"";"6-10";"Convention collective nationale des entreprises d'architecture";"";"";"";"";"";"";"";"";"";"C.D.I";"39";"2";"Oui, si flexbile";"Chargé-e d'étude";"";"2";"4";"24052";"X";"";"24052";"";"Ticket restaurants ";"4";"0 - Pas du tout satisfait"
"136";"17516710";"21/07/2023 - 08:09";"21/07/2023 - 08:09";"21/07/2023 - 08:09";"0";"0.0.0.0";"0";"Anonymous";"ESAJ";"";"2005";"16";"Normandie";"";"Homme";"1";"Fonction publique";"Service technique d'une commune de 5000 hab.";"51-200";"Fonction publique territoriale";"";"";"";"";"";"";"";"";"";"Contractuel dans la fonction publique";"35";"5 - Très satisfait";"Oui, si flexbile";"Autre";"Directeur des services techniques";"2";"4";"44700";"X";"";"44700";"";" - ";"4";"2"
